use project;
create table bank(Bank_code varchar(50) primary key, Bank_name varchar(50));
insert into bank(Bank_code, Bank_name) values ("BAHR","Bank Hamara");

create table branch(IFSC_code char(11) primary key, Branch_name varchar(50), State_UT varchar(50), pincode int(6) not null unique);

insert into branch(IFSC_code, Branch_name, State_UT, pincode) values ("BAHR2111087", "Mumbai", "Maharashtra", 400028),
("BAHR2111033", "Jaipur", "Rajasthan", 302015),
("BAHR2111010", "Gorakhpur", "Uttar Pradesh", 273016 ),
("BAHR2111056", "Patna", "Bihar", 841221),
("BAHR2111100", "Ajmer", "Rajasthan", 305001),
("BAHR2111101", "Pune", "Maharashtra", 411002),
("BAHR2111102", "Delhi", "Delhi", 110016),
("BAHR2111103", "Bangalore", "Karnataka", 560010),
("BAHR2111104", "Hyderabad", "Telangana", 500001),
("BAHR2111105", "Chennai", "Tamil Nadu", 600001);

create table account_holder(
name varchar(50) NOT NULL,
username varchar(30) PRIMARY KEY,
pincode int,
contact_no varchar(15));

insert into account_holder(name, username, pincode, contact_no) values
('Anubhav Dubey', 'anubhav_23', 273016, 8869746969),
('Gunal Gupta', 'ColdIf', 302015, 9521401232),
('Navin Kumar', 'nsharma03', 841221, 9534737521),
('Ved Vekhande', 'obfuscated_particle', 400028, 7582200891),
('Gaurav Pareek', 'gaurav25', 305001, 9873160098),
('Mijay Vallya', 'fraud420', 560010, 8999214682),
('Jeerav Kodi', 'lekejaunga', 110016, 7522422109),
('Arshad Mehtus', 'broker09', 400028, 7014787455),
('Abdul Jarim Pelgi', 'dalalhubc', 400028, 7238600891),
('Chetan Zarek', 'paisakhaya', 305001, 9848520981),
('Jabie Katere', 'paidpor', 411002, 9018731445),
('Taylor Hills', 'ponperi', 841221, 9537381521),
('Lexi Jan', 'nanjan01', 500001, 9237601114),
('Selmon Boi', 'gaditerabhaichlyega', 400028, 8062401343),
('John Doe', 'john_doe_123', 110016, 9187551212),
('Rahul Sharma', 'rahul_123', 411002, 9876543210),
('Priya Singh', 'priya_456', 110001, 9876543211),
('Amit Patel', 'amit_789', 380001, 9876543212),
('Sneha Gupta', 'sneha_1234', 700001, 9876543213),
('Vikram Singhania', 'vikram_5678', 462001, 9876543214),
('Suresh Kumar', 'suresh_91011', 600001, 9876543215),
('Neha Sharma', 'neha_1213', 500001, 9876543216),
('Kunal Mehta', 'kunal_1415', 411002, 9876543217),
('Shreya Shah', 'shreya_1617', 302015, 9876543218),
('Nitin Patel', 'nitin_1819', 700001, 9876543219),
('Smita Singhania', 'smita_2021', 462001, 9876543220),
('Vishal Sharma ', 'vishal_2223', 700001, 9876543221),
('Ketan Patel', 'ketan_1819', 273016, 9877773219),
('Rita Sen', 'rita_2002', 462001, 9888843220),
('Rishali Sharma ', 'rishali_2223', 500001, 9076903221);

create table holder_address(
city varchar(20),
state varchar(20),
pincode int PRIMARY KEY);

insert into holder_address(city, state, Pincode) values ('Gorakhpur', 'Uttar Pradesh', 273016),
('Jaipur', 'Rajasthan', 302015),
('Patna', 'Bihar', 841221),
('Mumbai', 'Maharashtra', 400028),
('Ajmer', 'Rajasthan', 305001),
('Bangalore', 'Karnataka', 560010),
('Delhi', 'Delhi', 110016),
('New Delhi', 'Delhi', 110011),
('Chennai', 'Tamil Nadu', 600001),
('Pune', 'Maharashtra', 411002),
('Hyderabad', 'Telangana', 500001),
('Ahmedabad', 'Gujarat', 380001),
('Kolkata', 'West Bengal', 700001),
('Bhopal', 'Madhya Pradesh ', 462001);

create table HolderID(username varchar(30) PRIMARY KEY,
GovernmentID varchar(30) UNIQUE);

insert into HolderID(username, GovernmentID) values ('anubhav_23', 'ADCAG0234A'),
('ColdIf', 'DXGPC0123A'),
('nsharma03', 'NVABU4562J'),
('obfuscated_particle', 'CEEJP7623V'),
('gaurav25', 'BEKEC400BEC'),
('fraud420', 'CASHH34980F'),
('lekejaunga', 'PASEJ8239L'),
('broker09', 'LOKOL9986P'),
('dalalhubc', 'ABDJT8372I'),
('paisakhaya', 'JTGER8982I'),
('paidpor', 'PPROR8982I'),
('ponperi', 'JLVOP2931L'),
('nanjan01', 'LJNAN9282Q'),
('gaditerabhaichlyega', 'SELMO0234I'),
('john_doe_123', 'ADCAF1234A'),
('rahul_123', 'ADCAF5678B'),
('priya_456', 'ADCAF5678C'),
('amit_789', 'ADCAF5678D'),
('sneha_1234', 'ADCAF5678E'),
('vikram_5678','ADCAF5678F'),
('suresh_91011','ADCAF5678G'),
('neha_1213','ADCAF5678H'),
('kunal_1415','ADCAF5678I'),
('shreya_1617','ADCAF5678J'),
('nitin_1819','ADCAF5678K'),
('smita_2021','ADCAF5678L'),
('vishal_2223','ADCAF5678M'),
('ketan_1819','ABHAF5678K'),
('rita_2002','ABHAF5678L'),
('rishali_2223','ADAAF5772M');

create table Account
(Account_No int,
Account_Type varchar(20) NOT NULL,
Balance int NOT NULL,
Primary key(Account_No),
LoanID1 varchar(30),
LoanID2 varchar(30),
username varchar(30),
IFSC_Code char(11));

insert into Account(Account_No, Account_Type, Balance, LoanID1, LoanID2, username, IFSC_Code) values
(202111001, "Savings", 10635,"BHR12134",NULL, "anubhav_23","BAHR2111087"),
(202111002, "Savings", 100000,"BHR83545", "BHR99365", 'ColdIf',"BAHR2111033"),
(202111003, "Savings", 20000,"BHR23612",NULL, 'nsharma03',"BAHR2111010"),
(202111004, "Savings", 34850,"BHR62334",NULL, 'obfuscated_particle',"BAHR2111056"),
(202111005, "Savings", 23908,"BHR18243",NULL, 'gaurav25',"BAHR2111100"),
(202111006, "Current", 455890,"BHR92638",NULL, 'fraud420',"BAHR2111101"),
(202111007, "Current", 63809,"BHR28365", "BHR48365", 'lekejaunga',"BAHR2111102"),
(202111008, "Current", 1823090,"BHR92536", "BHR26365", 'broker09',"BAHR2111103"),
(202111009, "Current", 329709,"BHR98364",NULL, 'dalalhubc',"BAHR2111104"),
(202111010, "Current", 238799,"BHR52836",NULL, 'paisakhaya',"BAHR2111105"),
(202111011, "Savings", 238009,"BHR97547", "BHR77365", 'paidpor',"BAHR2111087"),
(202111012, "Savings", 389012,"BHR57946",NULL, 'ponperi',"BAHR2111033"),
(202111013, "Savings", 983273, NULL, NULL, 'nanjan01',"BAHR2111010"),
(202111014, "Current", 9320789, NULL, NULL, 'gaditerabhaichlayega',"BAHR2111056"),
(202111015, "Savings", 89340, NULL, NULL, 'john_doe_123',"BAHR2111100"),
(202111016, "Current", 3404332, NULL, NULL, 'rahul_123',"BAHR2111101"),
(202111017, "Current", 763249, NULL, NULL, 'priya_456',"BAHR2111102"),
(202111018, "Current", 734272, NULL, NULL, 'amit_789',"BAHR2111103"),
(202111019, "Current", 7638012, NULL, NULL, 'sneha_1234',"BAHR2111104"),
(202111020, "Current", 973480, NULL, NULL, 'vikram_5678',"BAHR2111105"),
(202111021, "Savings", 783091, NULL, NULL, 'suresh_91011',"BAHR2111087"),
(202111022, "Savings", 873208, NULL, NULL, 'neha_1213',"BAHR2111033"),
(202111023, "Current", 7932408, NULL, NULL, 'kunal_1415',"BAHR2111010"),
(202111024, "Current", 3378098, NULL, NULL, 'shreya_1617',"BAHR2111056"),
(202111025, "Savings", 0, NULL, NULL, 'nitin_1819',"BAHR2111100"),
(202111026, "Current", 10, NULL, NULL, 'smita_2021',"BAHR2111101"),
(202111027, "Current", 782387, NULL, NULL, 'vishal_2223',"BAHR2111102"),
(202111028, "Current", 7913409, NULL, NULL, 'ketan_1819',"BAHR2111103"),
(202111029, "Current", 78349, NULL, NULL, 'rita_2002',"BAHR2111104"),
(202111030, "Current", 432130, NULL, NULL, 'rishali_2223',"BAHR2111105");
create table loan(loan_id varchar(30) primary key, amount varchar(50) not null, duration int not null, interest_rate int not null);

insert into loan (loan_id, amount, duration, interest_rate) values("BHR12134",30000000000, 5, 10),
("BHR83545",20000000, 7, 11),
("BHR23612",200000000, 7, 9),
("BHR62334",100000, 3, 12),
("BHR18243",4000000, 5, 8),
("BHR92638",30000, 6, 8),
("BHR28365",90000, 9, 9),
("BHR92536",6000000, 13, 10),
("BHR98364",70000, 1, 9),
("BHR52836",5000000, 7, 12),
("BHR97547",300000, 5, 11),
("BHR57946",800000, 6, 10);

create table Employee(
    E_ID varchar(10),
    E_Name varchar(100),
    Dob date,
    Gender Varchar(40),
    contact_no varchar(20),
    IFSC_code char(11),
    E_email varchar(100),
    Pincode int,
    Joining_date date,
    Job_title varchar(50),
    Salary int,
    primary key(E_ID));


insert into Employee(E_ID,E_name, Dob, Gender, Pincode, contact_no, E_email, Joining_date, Job_title, Salary, IFSC_code)values 
(001, 'Anubhav Dubey',20020523,'M',273016,7989696888,'dubey01@gmail.com', 20210426, 'Accountant', 45000, 'BAHR2111087'),
(002, 'Gunal Gupta',20030705,'M', 302015, 7819199320,'gupta02@gmail.com', 20200713, 'Manager', 80000, 'BAHR2111033'),
(003, 'Ved Vekhande',20030705,'M',243629,8045676888,'ved03@gmail.com', 20191217, 'Accountant', 45000, 'BAHR2111010'),
(004, 'Navin sharma',20030715,'M',840001,7989696888,'sharma04@gmail.com', 20200413, 'Manager', 80000, 'BAHR2111056'),
(005, 'Priya Patel',20040619,'F',453672,7966543788,'patel05@gmail.com', 20200619, 'Accountant', 45000, 'BAHR2111100'),
(006, 'Aditya Singh',20031108,'M',110016,8083437880,'singh06@gmail.com', 20191230, 'Manager', 80000, 'BAHR2111101'),
(007, 'Aarti Gupta',20020323,'F', 834001,7783454380,'gupta07@gmail.com', 20180123, 'Accountant', 45000, 'BAHR2111102'),
(008, 'Aakash Mishra',20030703,'M', 600001,7583437880,'mishra08@gmail.com', 20180630, 'Manager', 80000, 'BAHR2111103'),
(009, 'Anjali Mehta',20030703,'F', 841207,7277378800,'mehta09@gmail.com', 20171220, 'Accountant', 45000, 'BAHR2111104'),
(010, 'Vikram Deshai',20020628,'M', 273006,7979696900,'deshai10@gmail.com', 20171220, 'Manager', 80000, 'BAHR2111105'),
(011, 'Deepak Sharma',19910618,'M', 110019,7276698701,'sharma11@gmail.com', 20161225, 'Accountant', 45000, 'BAHR2111087'),
(012, 'Rajat Mehta',19920723,'M',223405,9534237899,'mehta12@gmail.com', 20151013, 'Manager', 80000, 'BAHR2111033'),
(013, 'Rohan Patel',19960110,'M',273042,8083456721,'patel13@gmail.com', 20181125, 'Accountant', 45000, 'BAHR2111010'),
(014, 'Siddharth Singh',19971222,'M', 323454,7574321202,'singh14@gmail.com', 20181225, 'Manager', 80000, 'BAHR2111056'),
(015, 'Mohit Chaudhary',19910608, 'M',841221,8969341226, 'chaudhary15@gmail.com' , 20151030, 'Accountant', 45000, 'BAHR2111100'),
(016, 'Dev Singh',19970314,'M', 110019,7277233456,'singh16@gmail.com', 20191231, 'Manager', 80000, 'BAHR2111001'),
(017, 'Utkarsh Sharma',19980713,'M', 800001,8088346117, 'sharma17@gmail.com', 20140901, 'Accountant', 45000, 'BAHR2111102'),
(018, 'Saurav Rathod',19951201,'M', 500001,7576821318,'rathod18@gmail.com', 20150314, 'Manager', 80000, 'BAHR2111103'),
(019, 'Shweta Gupta',19960214,'F',110019,8090563233,'gupta19@gmail.com', 20161225, 'Accountant', 45000, 'BAHR2111004'),
(020, 'Amrita Singh',19980316,'M',453667,8967543012,'singh20@gmail.com', 20140530, 'Manager', 80000, 'BAHR2111005');

create table Employee_address(Pincode int Primary key,
E_city varchar(40),
E_state varchar(40));

insert into Employee_address values
(273016,'Gorakhpur', 'UP'),
(302015,'Jaipur', 'Rajasthan'),
(243629,'Mumbai', 'Maharastra'),
(840001,'Patna', 'Bihar'),
(453672,'Bhopal', 'Madhya Pradesh'),
(110016,'Houz Khas', 'Delhi'),
(834001,'Ranchi', 'Jharkhand'),
(600001,'Chennai', 'Tamilnadu'),
(841207,'Chapra', 'Bihar'),
(273006,'Banaras', 'UP'),
(110019,'Hauz Khas', 'New Delhi'),
(223405,'Gandhi Nagar','Gujarat'),
(273042,'Lucknow', 'UP'),
(323454,'Vadodara', 'Gujarat'),
(841221,'Saran', 'Bihar'),
(500001,'Bangalore', 'Karnataka'),
(453667,'Mumbai', 'Maharahtra');
